20E08+000	talk	Library Futures at Kula, UVic
20C09+000	spain	The Feeling Of Computing, Madrid
20C06+000	spain	Travel to Madrid, Spain
20C00-910	ghostly chanting	As In Pain
20B13-911	ghostly chanting	Their Ghostly Chanting
20B12-909	ghostly chanting	Lean and Cadaverous
20B11-908	ghostly chanting	Cruel
20B10-907	ghostly chanting	Raging Furiously
20B03-903	commuter backpack	Commuter Remix
20B02-902	commuter backpack	Life Vest Buckle
20B01.901	commuter backpack	Stainless D-rings
20B00.904	commuter backpack	PVC Liner
20A13.905	commuter backpack	Front panel
20A12.906	commuter backpack	Front panel(zipper)
