03Y07-305	sketchbook	Kanikule Raft
03X01-324	artwork	Coralinev at the docks
03W09-043	merure	Merure 2 Launch
03W08-303	cyanosis fever	Cyanosis Fever
03W06-307	valentinel hopes	Run
03W05-521	valentinel hopes	Run
03W04-520	valentinel hopes	Run
03W02-012	sketchbook	Self Portrait
03W00-522	valentinel hopes	Valentinel Hopes
03U09-323	maeve	First Ludivine
03S06+304	drypoint	Drypoint Release
03S04-518	drypoint	Drypoint Landing Zone
03R13+071	pedestrian paradise	Pedestrian Paradise Release
03R11+000	pedestrian paradise	Piknic Electronik, Montreal
03R03-333	neauismetica	Our forgotten Alphabet
03R00+000	programming	Learning Javascript
03N13-016	typography	Yletaodeta Recit
03N10+013	malice	Malice Release
03N09+000	pedestrian paradise	Toy Company, Montreal
03J12-320	nether esper inserts	Howl Virgil System
03F10+000	otoroutes miniatures	Birthdeffekt, Montreal
03E11-326	sketchbook	Heist
03D01+317	lives	Toy Company, Montreal
03A08-052	merure	Merure I Cover
03A06-321	otoroutes miniatures	Otoroutes Miniatures
03A01-001	devine lu linvega	Nakano Tempers